{
  "$schema": "https://microsoft.github.io/chartifact/schema/idoc_v1.json",
  "title": "Seattle Weather",
  "groups": [
    {
      "groupId": "main",
      "elements": [
        "# Seattle Weather\n\nHere is a stacked bar chart of Seattle weather:\nEach bar represents the count of weather types for each month.\nThe colors distinguish between different weather conditions such as sun, fog, drizzle, rain, and snow.",
        {
          "type": "chart",
          "chartKey": "1"
        }
      ]
    }
  ],
  "resources": {
    "charts": {
      "1": {
        "$schema": "https://vega.github.io/schema/vega-lite/v6.json",
        "data": {
          "url": "https://vega.github.io/editor/data/seattle-weather.csv"
        },
        "mark": "bar",
        "encoding": {
          "x": {
            "timeUnit": "month",
            "field": "date",
            "type": "ordinal",
            "title": "Month of the year"
          },
          "y": {
            "aggregate": "count",
            "type": "quantitative"
          },
          "color": {
            "field": "weather",
            "type": "nominal",
            "scale": {
              "domain": [
                "sun",
                "fog",
                "drizzle",
                "rain",
                "snow"
              ],
              "range": [
                "#e7ba52",
                "#c7c7c7",
                "#aec7e8",
                "#1f77b4",
                "#9467bd"
              ]
            },
            "title": "Weather type"
          }
        }
      }
    }
  }
}