{
  "$schema": "https://microsoft.github.io/chartifact/schema/idoc_v1.json",
  "title": "Seattle Weather",
  "dataLoaders": [
    {
      "type": "url",
      "url": "https://vega.github.io/editor/data/seattle-weather.csv",
      "dataSourceName": "seattle_weather",
      "format": "csv",
      "dataFrameTransformations": [
        {
          "type": "filter",
          "expr": "datum.weather=='sun'"
        }
      ]
    }
  ],
  "groups": [
    {
      "groupId": "main",
      "elements": [
        "# Seattle Weather\n\nData table:",
        {
          "type": "tabulator",
          "dataSourceName": "seattle_weather"
        },
        "Here is a stacked bar chart of Seattle weather:\nEach bar represents the count of weather types for each month.\nThe colors distinguish between different weather conditions such as sun, fog, drizzle, rain, and snow.",
        {
          "type": "chart",
          "chartKey": "1"
        },
        "This section introduces a heatmap visualization for the Seattle weather dataset.\nThe heatmap is designed to display the distribution and intensity of weather-related variables,\nsuch as temperature, precipitation, or frequency of weather events, across different time periods or categories.\nIt provides an intuitive way to identify patterns, trends, and anomalies in the dataset.",
        {
          "type": "chart",
          "chartKey": "2"
        }
      ]
    }
  ],
  "resources": {
    "charts": {
      "1": {
        "$schema": "https://vega.github.io/schema/vega-lite/v6.json",
        "data": {
          "name": "seattle_weather"
        },
        "mark": "bar",
        "encoding": {
          "x": {
            "timeUnit": "month",
            "field": "date",
            "type": "ordinal",
            "title": "Month of the year"
          },
          "y": {
            "aggregate": "count",
            "type": "quantitative"
          },
          "color": {
            "field": "weather",
            "type": "nominal",
            "scale": {
              "domain": [
                "sun",
                "fog",
                "drizzle",
                "rain",
                "snow"
              ],
              "range": [
                "#e7ba52",
                "#c7c7c7",
                "#aec7e8",
                "#1f77b4",
                "#9467bd"
              ]
            },
            "title": "Weather type"
          }
        }
      },
      "2": {
        "$schema": "https://vega.github.io/schema/vega-lite/v6.json",
        "data": {
          "name": "seattle_weather"
        },
        "title": "Daily Max Temperatures (C) in Seattle, WA",
        "config": {
          "view": {
            "strokeWidth": 0,
            "step": 13
          },
          "axis": {
            "domain": false
          }
        },
        "mark": "rect",
        "encoding": {
          "x": {
            "field": "date",
            "timeUnit": "date",
            "type": "ordinal",
            "title": "Day",
            "axis": {
              "labelAngle": 0,
              "format": "%e"
            }
          },
          "y": {
            "field": "date",
            "timeUnit": "month",
            "type": "ordinal",
            "title": "Month"
          },
          "color": {
            "field": "temp_max",
            "aggregate": "max",
            "type": "quantitative",
            "legend": {
              "title": null
            }
          }
        }
      }
    }
  }
}