{
  "$schema": "https://microsoft.github.io/chartifact/schema/idoc_v1.json",
  "title": "Why Chartifact: A Document Format for the LLM Age",
  "style": {
    "css": [
      "html, body { height: 100%; margin: 0; padding: 0; scroll-behavior: smooth; overflow-y: auto; font-family: 'Segoe UI', Tahoma, Geneva, Verdana, sans-serif; }",
      "body { scroll-snap-type: y mandatory; }",
      ".group { scroll-snap-align: start; min-height: 100vh; margin: 0; padding: 3em 2em; box-sizing: border-box; display: flex; flex-direction: column; justify-content: flex-start; overflow: hidden; }",
      "#slide1 { background: linear-gradient(135deg, #2c3e50 0%, #3498db 100%); color: white; text-align: center; justify-content: center; }",
      "#slide2 { background: linear-gradient(135deg, #8e44ad 0%, #3498db 100%); color: white; }",
      "#slide3 { background: linear-gradient(135deg, #2980b9 0%, #2c3e50 100%); color: white; }",
      "#slide4 { background: linear-gradient(135deg, #27ae60 0%, #2980b9 100%); color: white; }",
      "#slide5 { background: linear-gradient(135deg, #e74c3c 0%, #c0392b 100%); color: white; }",
      "#slide6 { background: linear-gradient(135deg, #f39c12 0%, #e67e22 100%); color: white; justify-content: center; }",
      "#slide7 { background: linear-gradient(135deg, #16a085 0%, #27ae60 100%); color: white; }",
      "#slide8 { background: linear-gradient(135deg, #2c3e50 0%, #8e44ad 100%); color: white; text-align: center; justify-content: center; }",
      "h1 { font-size: 2.5em; margin: 0.3em 0; font-weight: 300; line-height: 1.2; }",
      "h2 { font-size: 2em; margin: 0.4em 0; font-weight: 300; line-height: 1.2; }",
      "h3 { font-size: 1.6em; margin: 0.5em 0; font-weight: 400; line-height: 1.2; }",
      "p, li { font-size: 1.2em; line-height: 1.5; margin: 0.5em 0; }",
      "ul, ol { margin: 0.5em 0; padding-left: 1.5em; }",
      "li { margin: 0.3em 0; }",
      "@media (max-width: 768px) { .group { padding: 2em 1em; } h1 { font-size: 2em; } h2 { font-size: 1.6em; } h3 { font-size: 1.3em; } p, li { font-size: 1em; line-height: 1.4; } ul, ol { padding-left: 1em; } }",
      "@media (max-width: 480px) { .group { padding: 1.5em 0.8em; } h1 { font-size: 1.8em; } h2 { font-size: 1.4em; } h3 { font-size: 1.2em; } p, li { font-size: 0.9em; line-height: 1.3; } ul, ol { padding-left: 0.8em; } li { margin: 0.2em 0; } }"
    ]
  },
  "variables": [
    {
      "variableId": "interactiveValue",
      "type": "number",
      "initialValue": 1000
    },
    {
      "variableId": "calculatedWorth",
      "type": "string",
      "initialValue": "1000",
      "calculation": {
        "vegaExpression": "format(interactiveValue, ',')"
      }
    },
    {
      "variableId": "currentYear",
      "type": "number",
      "initialValue": 2025
    }
  ],
  "groups": [
    {
      "groupId": "slide1",
      "elements": [
        "# Why Chartifact?",
        "### A Document Format for the LLM Age",
        "## The industry lacks a shareable document format designed for AI-assisted knowledge work"
      ]
    },
    {
      "groupId": "slide2",
      "elements": [
        "## 🤖 The LLM Revolution Changed Everything",
        "### We're living in the age of AI-assisted knowledge work",
        "- Large Language Models transform how we create and consume information",
        "- Knowledge workers expect **interactive**, **dynamic** content",
        "- **But we're still using document formats from the pre-AI era**"
      ]
    },
    {
      "groupId": "slide3",
      "elements": [
        "## 📄 The Current Landscape",
        "### PDF: Made for **paper**",
        "- ✅ Single self-contained file",
        "- ❌ Not human-editable",
        "- ❌ Not interactive nor responsive",
        "- ❌ Static",
        "",
        "### HTML:",
        "- ✅ Powerful & interactive",
        "- ❌ Security nightmare",
        "- ❌ Corporate systems block it",
        "",
        "### Markdown: **Clear winner** so far",
        "- ✅ Human-readable",
        "- ✅ Version controllable",
        "- ❌ Limited interactivity"
      ]
    },
    {
      "groupId": "slide4",
      "elements": [
        "## ⚡ HTML: From Hero to Villain",
        "### HTML was supposed to be the document format of the internet",
        "- Started as a simple markup language for documents",
        "- Became **too powerful** - now it's a full application shell",
        "- Unlimited execution capabilities = security risk",
        "- Corporate IT departments **block HTML files** by default",
        "- What was meant to democratize publishing became a developer-only tool",
        "",
        "### 🎭 *\"You were the chosen one, Anakin!\"*"
      ]
    },
    {
      "groupId": "slide5",
      "elements": [
        "## 🔒 Proprietary Solutions Miss the Point",
        "### Most LLMs build apps, not documents",
        "- Force information workers to become developers 👩‍💻",
        "- **All they wanted to do was remix a presentation!**",
        "- Sometimes platform-locked in vendor ecosystem",
        "- Require hosting and maintenance",
        "",
        "### What we actually need:",
        "**Open, portable, interactive documents that travel like PDFs but work like apps**"
      ]
    },
    {
      "groupId": "slide6",
      "elements": [
        "## 📊 Interactive Content is Exponentially More Valuable",
        "### If a picture is worth 1,000 words...",
        "# {{calculatedWorth}}",
        "### Then an interactive is worth **{{calculatedWorth}}** words",
        {
          "type": "slider",
          "variableId": "interactiveValue",
          "label": "Adjust the multiplier",
          "min": 1000,
          "max": 100000,
          "step": 1000
        },
        "### ⚡ This slide proves the point - you just experienced it!"
      ]
    },
    {
      "groupId": "slide7",
      "elements": [
        "## 🎯 What the Industry Actually Needs",
        "### A new document format that is:",
        "- **📱 Portable** - travels everywhere like PDF",
        "- **🔓 Open Source** - not locked to any vendor",
        "- **⚡ Interactive** - reactive and dynamic",
        "- **🛡️ Safe** - secure by design, no arbitrary code execution",
        "- **👥 Human-friendly** - editable by knowledge workers",
        "- **🤖 AI-ready** - designed for LLM generation and editing",
        "",
        "### 🚫 **No apps that rot. No hosting required.**"
      ]
    },
    {
      "groupId": "slide8",
      "elements": [
        "# 🎯 Enter Chartifact",
        "### The missing document format for the LLM age",
        "## ✨ **Declarative, interactive data documents**",
        "## 📄 **Travels like a document**",
        "## 📱 **Works like a mini app**",
        "## 🤖 **Designed for AI collaboration**",
        "",
        "### Ready to reshape how we share knowledge in {{currentYear}}?"
      ]
    }
  ]
}