{
  "$schema": "https://microsoft.github.io/chartifact/schema/idoc_v1.json",
  "title": "Feature: Dropdown",
  "dataLoaders": [
    {
      "dataSourceName": "productData",
      "type": "inline",
      "format": "json",
      "content": [
        {
          "name": "Laptop Pro",
          "category": "Electronics",
          "price": 1299
        },
        {
          "name": "Wireless Mouse",
          "category": "Electronics",
          "price": 49
        },
        {
          "name": "Office Chair",
          "category": "Furniture",
          "price": 299
        },
        {
          "name": "Standing Desk",
          "category": "Furniture",
          "price": 599
        },
        {
          "name": "Coffee Mug",
          "category": "Kitchen",
          "price": 15
        },
        {
          "name": "Water Bottle",
          "category": "Kitchen",
          "price": 25
        }
      ]
    }
  ],
  "variables": [
    {
      "variableId": "selectedProduct",
      "type": "string",
      "initialValue": "Laptop Pro"
    }
  ],
  "groups": [
    {
      "groupId": "main",
      "elements": [
        "## Dropdown\nUse dropdowns with data-driven options from data sources.",
        "### Data-Driven Options",
        "Dropdown options populated from data using `dynamicOptions`:",
        {
          "type": "dropdown",
          "variableId": "selectedProduct",
          "label": "Choose product:",
          "dynamicOptions": {
            "dataSourceName": "productData",
            "fieldName": "name"
          }
        },
        "Selected: **{{selectedProduct}}**",
        "### Product Data",
        {
          "type": "tabulator",
          "dataSourceName": "productData"
        }
      ]
    }
  ]
}